<?xml version="1.0" encoding="UTF-8"?>
<lint>
    <issue id="GradleDependency" severity="ignore" />
    <issue id="LintError" severity="ignore" />
    <issue id="ContentDescription" severity="ignore" />
    <issue id="DefaultLocale" severity="ignore" />
    <issue id="IconDensities" severity="ignore" />
    <issue id="IconDipSize" severity="ignore" />
    <issue id="IconDuplicates" severity="ignore" />
    <issue id="IconDuplicatesConfig" severity="ignore" />
    <issue id="IconColors" severity="ignore" />
    <issue id="InconsistentLayout" severity="ignore" />
    <issue id="NestedWeights" severity="ignore" />
    <issue id="AllowBackup" severity="ignore" />
    <issue id="ClickableViewAccessibility" severity="ignore" />
    <issue id="IconLauncherFormat" severity="ignore" />

    <!-- TODO - remove the following (added temporarily because SDK was upgraded) -->
    <issue id="UselessParent" severity="ignore" />
    <issue id="InflateParams" severity="ignore" />
    <issue id="UnusedAttribute" severity="ignore" />
    <issue id="RtlHardcoded" severity="ignore" />
    <issue id="RtlCompat" severity="ignore" />
    <issue id="RtlSymmetry" severity="ignore" />
    <issue id="RtlEnabled" severity="ignore" />
    <issue id="RelativeOverlap" severity="ignore" />
    <issue id="IconMissingDensityFolder" severity="ignore" />
    <issue id="IconLauncherShape" severity="ignore" />
    <issue id="CommitPrefEdits" severity="ignore" />
    <issue id="InvalidPackage" severity="ignore" />
    <issue id="NestedScrolling" severity="ignore" />
    <issue id="ScrollViewSize" severity="ignore" />
    <issue id="MissingComment" severity="ignore" />
    <issue id="MissingPermission" severity="ignore" />
    <issue id="HardwareIds" severity="ignore" />
    <issue id="StringFormatInvalid" severity="ignore"/>
    <issue id="PluralsCandidate" severity="ignore" />
    <issue id="UniquePermission" severity="ignore" />
    <issue id="SignatureOrSystemPermissions" severity="ignore" />
    <issue id="GoogleAppIndexingWarning" severity="ignore" />
    <issue id="MissingTranslation" severity="ignore">
        <ignore path="res/values/configurations.xml" />
    </issue>

    <issue id="UnknownIdInLayout" severity="ignore">
        <ignore path="res/layout/restore_app_list_fragment_item.xml" />
    </issue>

    <issue id="SpUsage" severity="ignore">
        <ignore path="res/layout/atp_auth_dialog.xml" />
        <ignore path="res/layout/contactaccount_list.xml" />
        <ignore path="res/layout/generic_notification.xml" />
        <ignore path="res/layout/group_space_browse_row_grid.xml" />
        <ignore path="res/layout/group_space_search_empty.xml" />
        <ignore path="res/layout/group_space_search_files_row.xml" />
        <ignore path="res/layout/groupspace_customsize_dialog.xml" />
        <ignore path="res/layout-land/mct_about.xml" />
        <ignore path="res/layout/public_link_actions_dialog.xml" />
        <ignore path="res/layout/setting_contact.xml" />
        <ignore path="res/layout/text_row_item.xml" />
    </issue>

    <issue id="InefficientWeight" severity="ignore">
        <ignore path="res/layout/abc_search_view.xml" />
        <ignore path="res/layout/atp_auth_dialog.xml" />
        <ignore path="res/layout/generic_notification.xml" />
        <ignore path="res/layout/items_backup_layout_new.xml" />
        <ignore path="res/layout/member_details_layout.xml" />
        <ignore path="res/layout/splashscreen_connecting.xml" />
    </issue>

    <issue id="NotSibling" severity="ignore">
        <ignore path="res/layout/restore_scanner_fragment.xml" />
        <ignore path="res/layout/music_player.xml" />
        <ignore path="res/layout/atp_auth_dialog.xml" />
    </issue>

    <issue id="UnusedResources">
        <ignore path="src/main/res/drawable-hdpi/wizard_image_0.png" />
        <ignore path="src/main/res/drawable-hdpi/wizard_image_1.png" />
        <ignore path="src/main/res/drawable-hdpi/wizard_image_2.png" />
        <ignore path="src/main/res/drawable-hdpi/wizard_image_3.png" />
        <ignore path="src/main/res/xml/vault_sync_adapter.xml" />
    </issue>
</lint>
